{
    "segments": 100,
    "time": 4.9662095,
    "time_per_segment": 0.049662094999999996
}