{
    "segments": 10000,
    "time": 78.27276599995093,
    "time_per_segment": 0.007827276599995093
}