{
    "segments": 10000,
    "time": 7.515544874999996,
    "time_per_segment": 0.0007515544874999997
}