{
    "segments": 100,
    "time": 3.205562791961711,
    "time_per_segment": 0.03205562791961711
}