{
    "segments": 10000,
    "time": 18.526035082992166,
    "time_per_segment": 0.0018526035082992167
}