{
    "segments": 10000,
    "time": 54.80095870804507,
    "time_per_segment": 0.005480095870804507
}