{
    "segments": 100000,
    "time": 170.277708041016,
    "time_per_segment": 0.00170277708041016
}