{
    "time": 0.104352958,
    "time_per_segment": 0.00104352958
}