{
    "segments": 10000,
    "time": 18.875405958038755,
    "time_per_segment": 0.0018875405958038755
}