{
    "segments": 100,
    "time": 1.7031450410140678,
    "time_per_segment": 0.01703145041014068
}