{
    "segments": 100,
    "time": 1.7486197079999997,
    "time_per_segment": 0.017486197079999998
}