{
    "segments": 100,
    "time": 1.6172496249782853,
    "time_per_segment": 0.016172496249782852
}