{
    "segments": 100,
    "time": 5.043934417015407,
    "time_per_segment": 0.050439344170154075
}