{
    "segments": 10000,
    "time": 7.387328749999998,
    "time_per_segment": 0.0007387328749999998
}