{
    "segments": 10000,
    "time": 30.333556124998722,
    "time_per_segment": 0.003033355612499872
}