{
    "segments": 10000,
    "time": 7.648474999999998,
    "time_per_segment": 0.0007648474999999998
}