{
    "segments": 100000,
    "time": 171.1931673749932,
    "time_per_segment": 0.001711931673749932
}