{
    "segments": 10000,
    "time": 286.237180792,
    "time_per_segment": 0.0286237180792
}