{
    "segments": 100000,
    "time": 85.83950225000001,
    "time_per_segment": 0.0008583950225000001
}