{
    "segments": 10000,
    "time": 8.429904375000001,
    "time_per_segment": 0.0008429904375000002
}