{
    "segments": 100,
    "time": 0.09698341599999999,
    "time_per_segment": 0.0009698341599999999
}