{
    "segments": 100000,
    "time": 85.645819042,
    "time_per_segment": 0.00085645819042
}