{
    "segments": 10000,
    "time": 8.946870749999999,
    "time_per_segment": 0.0008946870749999998
}