{
    "segments": 100,
    "time": 2.914969666977413,
    "time_per_segment": 0.02914969666977413
}