{
    "segments": 100000,
    "time": 132.74596504098736,
    "time_per_segment": 0.0013274596504098735
}