{
    "segments": 10000,
    "time": 8.265665084,
    "time_per_segment": 0.0008265665084
}