{
    "segments": 10000,
    "time": 26.153395249973983,
    "time_per_segment": 0.0026153395249973984
}