{
    "segments": 100000,
    "time": 80.87893783400001,
    "time_per_segment": 0.0008087893783400001
}