{
    "segments": 100,
    "time": 1.7768495840136893,
    "time_per_segment": 0.017768495840136893
}