{
    "segments": 100,
    "time": 2.0520032499999985,
    "time_per_segment": 0.020520032499999986
}