{
    "segments": 10000,
    "time": 243.95780545800005,
    "time_per_segment": 0.024395780545800005
}