{
    "segments": 100,
    "time": 3.852122500000002,
    "time_per_segment": 0.03852122500000002
}