{
    "segments": 10000,
    "time": 7.553448916999997,
    "time_per_segment": 0.0007553448916999997
}