{
    "segments": 100,
    "time": 1.586747625000001,
    "time_per_segment": 0.01586747625000001
}