{
    "segments": 10000,
    "time": 219.40655166600004,
    "time_per_segment": 0.021940655166600005
}